"Id","Name","Subjcet","Status"
"1","Aaren","Math","Passed"
"2","Aarika","Science","Distinction"
"3","Abagael","Geography","Distinction"
"4","Abagail","Math","Failed"
"5","Abbe","Science","Distinction"
"6","Abbey","Geography","Passed"
"7","Abbi","Math","Distinction"
"8","Abbie","Science","Distinction"
"9","Abby","Geography","Failed"
"10","Abbye","Math","Failed"
"11","Abigael","Science","Passed"
"12","Abigail","Geography","Passed"
"13","Abigale","Math","Failed"
"14","Abra","Math","Distinction"
"15","Ada","Science","Passed"
"16","Adah","Geography","Passed"
"17","Adaline","Math","Passed"
"18","Adan","Science","Passed"
"19","Adara","Geography","Distinction"
"20","Adda","Math","Distinction"
"21","Addi","Science","Failed"
"22","Addia","Geography","Failed"
"23","Addie","Math","Distinction"
"24","Addy","Science","Failed"
"25","Adel","Geography","Passed"
"26","Adela","Math","Failed"
"27","Adelaida","Math","Passed"
"28","Adelaide","Science","Failed"
"29","Adele","Geography","Distinction"
"30","Adelheid","Math","Passed"
"31","Adelice","Science","Failed"
"32","Adelina","Geography","Distinction"
"33","Adelind","Math","Distinction"
"34","Adeline","Science","Passed"
"35","Adella","Geography","Failed"
"36","Adelle","Math","Passed"
"37","Adena","Science","Passed"
"38","Adey","Geography","Distinction"
"39","Adi","Math","Failed"
"40","Adiana","Math","Distinction"
"41","Adina","Science","Passed"
"42","Adora","Geography","Passed"
"43","Adore","Math","Failed"
"44","Adoree","Science","Passed"
"45","Adorne","Math","Distinction"
"46","Adrea","Science","Passed"
"47","Adria","Geography","Distinction"
"48","Adriaens","Math","Failed"
"49","Adrian","Science","Passed"
"50","Adriana","Geography","Passed"
"51","Adriane","Math","Failed"
"52","Adrianna","Science","Failed"
"53","Adrianne","Geography","Distinction"
"54","Adriena","Math","Distinction"
"55","Adrienne","Science","Passed"
"56","Aeriel","Geography","Failed"
"57","Aeriela","Math","Failed"
"58","Aeriell","Math","Failed"
"59","Afton","Science","Distinction"
"60","Ag","Geography","Passed"
